insert into student (no,name,roma,sex,phone,email,postno,address1,address2,address3,address4,birthday,graduation) values (100000,秋本 初江,Akimoto Hatsue,女,098-903-9231,eakimoto@xacgzjdvhk.gel,904-0013,沖縄県,沖縄市,室川,1-1-2,室川タウン417,1985-01-04,2004);
insert into student (no,name,roma,sex,phone,email,postno,address1,address2,address3,address4,birthday,graduation) values (100001,笠原 渉,Kasahara Wataru,男,0740-59-5357,Wataru_Kasahara@rbpzejsbs.vj,520-3105,滋賀県,湖南市,石部西,4-14-15,,1983-10-18,1986)
insert into student (no,name,roma,sex,phone,email,postno,address1,address2,address3,address4,birthday,graduation) values (100002,生田 明彦,Ikuta Akihiko,男,059-907-2384,jrfbbmb-vcakihiko46208@dntyxrwfrx.dxbui.keu,519-2504,三重県,多気郡大台町,小切畑,1-1,プラザ小切畑304,1961-04-15,1999)
insert into student (no,name,roma,sex,phone,email,postno,address1,address2,address3,address4,birthday,graduation) values (100003,小沢 果穂,Ozawa Kaho,女,0532-66-8171,kaho86531@trqcgu.wnr,490-1304,愛知県,稲沢市,平和町法立,1-6-4,,1965-04-29,1932)
insert into student (no,name,roma,sex,phone,email,postno,address1,address2,address3,address4,birthday,graduation) values (100004,新倉 梨央,Niikura Rio,女,098-960-9338,rio13567@hcqja.yoa.pf,901-0145,沖縄県,那覇市,高良,2-13,,1977-01-07,1920)
insert into student (no,name,roma,sex,phone,email,postno,address1,address2,address3,address4,birthday,graduation) values (100005,小笠原 未央,Ogasawara Mio,女,0984-84-9492,mio36410@zuhxhzi.kctl.zqn,885-0034,宮崎県,都城市,菖蒲原町,3-15,,1966-03-05,1903)
insert into student (no,name,roma,sex,phone,email,postno,address1,address2,address3,address4,birthday,graduation) values (100006,相川 彬人,Aikawa Akito,男,018-441-7463,Akito_Aikawa@ccmsvcozd.yru,015-0412,秋田県,由利本荘市,矢島町川辺,2-15-4,,1994-01-23,1938)
insert into student (no,name,roma,sex,phone,email,postno,address1,address2,address3,address4,birthday,graduation) values (100007,山形 一輝,Yamagata Kazuki,男,076-497-9578,kazuki8203@vfhaeosz.na,926-0831,石川県,七尾市,青山町,3-19-3,,1963-07-15,1931)
insert into student (no,name,roma,sex,phone,email,postno,address1,address2,address3,address4,birthday,graduation) values (100008,沢 未羽,Sawa Miu,女,0952-23-9945,usawa@janngriqy.hjvuf.oad,847-1515,佐賀県,唐津市,肥前町万賀里川,2-6-3,肥前町万賀里川ガーデン419,1981-10-06,1942)
insert into student (no,name,roma,sex,phone,email,postno,address1,address2,address3,address4,birthday,graduation) values (100009,宮内 重雄,Miyauchi Shigeo,男,018-341-5582,shigeo883@kcdd.kce,019-0202,秋田県,湯沢市,桑崎,3-20-3,ステーション桑崎100,1968-02-29,1916)
insert into student (no,name,roma,sex,phone,email,postno,address1,address2,address3,address4,birthday,graduation) values (100010,吉永 紗英,Yoshinaga Sae,女,0983-32-5993,eyoshinaga@cxstiihqjz.pd,885-0062,宮崎県,都城市,大岩田町,4-11-5,,1970-10-08,2018)
insert into student (no,name,roma,sex,phone,email,postno,address1,address2,address3,address4,birthday,graduation) values (100011,仲野 忠司,Nakano Tadashi,男,025-816-2052,inakano@ailjak.qt.dii,959-2025,新潟県,阿賀野市,岡山町,3-9-12,,1985-09-20,1962)
insert into student (no,name,roma,sex,phone,email,postno,address1,address2,address3,address4,birthday,graduation) values (100012,熊倉 真子,Kumakura Mako,女,0770-68-5236,okumakura@mfoferatcj.krd,919-0102,福井県,南条郡南越前町,八乙女,2-16-18,ザ八乙女113,1967-08-14,1915)
insert into student (no,name,roma,sex,phone,email,postno,address1,address2,address3,address4,birthday,graduation) values (100013,水島 玲二,Mizushima Reiji,男,0973-45-5463,reijimizushima@oele.tbu,879-5424,大分県,由布市,庄内町直野内山,3-15,シティ庄内町直野内山401,1975-06-05,1923)
insert into student (no,name,roma,sex,phone,email,postno,address1,address2,address3,address4,birthday,graduation) values (100014,野口 一華,Noguchi Ichika,女,099-555-5549,losrawichika88925@ogaxwvd.ar,892-0828,鹿児島県,鹿児島市,金生町,2-7-6,,1986-06-29,1974)
insert into student (no,name,roma,sex,phone,email,postno,address1,address2,address3,address4,birthday,graduation) values (100015,吉村 綾音,Yoshimura Ayane,女,0738-56-7117,ayane242@ahqis.tyc,649-7215,和歌山県,橋本市,高野口町九重,3-14-6,リバーサイド高野口町九重212,1986-07-22,2004)
insert into student (no,name,roma,sex,phone,email,postno,address1,address2,address3,address4,birthday,graduation) values (100016,葛西 聖子,Kasai Seiko,女,0747-77-6741,axxibdzgfdqseiko0800@sxgcxdotqt.gt,634-0025,奈良県,橿原市,木之本町,2-19-16,レジデンス木之本町111,1965-03-30,1957)
insert into student (no,name,roma,sex,phone,email,postno,address1,address2,address3,address4,birthday,graduation) values (100017,北尾 時子,Kitao Tokiko,女,086-169-9920,tokiko34646@outbyntxjw.rkj,710-0031,岡山県,倉敷市,有城,2-20-11,,1981-11-27,1928)
insert into student (no,name,roma,sex,phone,email,postno,address1,address2,address3,address4,birthday,graduation) values (100018,野間 恵美子,Noma Emiko,女,03-3947-3000,onoma@bklgazrpcc.xw,114-0014,東京都,北区,田端,3-9,,1989-07-07,1944)
insert into student (no,name,roma,sex,phone,email,postno,address1,address2,address3,address4,birthday,graduation) values (100019,菅沼 義則,Suganuma Yoshinori,男,099-328-6161,yoshinori4000@jihbltj.db,899-6505,鹿児島県,霧島市,牧園町持松,2-3,,1973-03-22,1976)
insert into student (no,name,roma,sex,phone,email,postno,address1,address2,address3,address4,birthday,graduation) values (100020,名取 貞雄,Natori Sadao,男,027-427-8519,sadaonatori@bdjlmrqici.vuim.unt,370-1502,群馬県,多野郡神流町,麻生,3-2-2,,1993-01-04,1986)
insert into student (no,name,roma,sex,phone,email,postno,address1,address2,address3,address4,birthday,graduation) values (100021,池上 麻理,Ikegami Mari,女,0993-77-5132,mari_ikegami@zrsodjg.ues,896-1301,鹿児島県,薩摩川内市,鹿島町藺牟田,3-5-7,,1977-01-19,1967)
insert into student (no,name,roma,sex,phone,email,postno,address1,address2,address3,address4,birthday,graduation) values (100022,吉沢 喜太郎,Yoshizawa Kitarou,男,096-155-4363,kitarou025@xpuvfewegf.sbejl.ytt,865-0011,熊本県,玉名市,上小田,2-10,上小田シーサイド201,1981-02-20,1925)
insert into student (no,name,roma,sex,phone,email,postno,address1,address2,address3,address4,birthday,graduation) values (100023,植村 紗和,Uemura Sawa,女,0596-76-9760,sawa_uemura@iiptgmahx.nra.jfd,511-1141,三重県,桑名市,長島町間々,2-3-18,長島町間々プレシャス410,1961-03-22,1970)
insert into student (no,name,roma,sex,phone,email,postno,address1,address2,address3,address4,birthday,graduation) values (100024,的場 利忠,Matoba Toshitada,男,098-701-1310,toshitada576@zjrdgd.aik,901-0212,沖縄県,豊見城市,平良,2-17-1,平良テラス402,1981-04-29,1949)
insert into student (no,name,roma,sex,phone,email,postno,address1,address2,address3,address4,birthday,graduation) values (100025,石田 久夫,Ishida Hisao,男,098-004-0389,hisao60460@uzvykxjvl.nu,905-0007,沖縄県,名護市,屋部,3-9-12,,1978-03-25,1995)
insert into student (no,name,roma,sex,phone,email,postno,address1,address2,address3,address4,birthday,graduation) values (100026,芳賀 栄子,Haga Eiko,女,019-763-7542,eiko_haga@szvmowx.ld,028-5641,岩手県,下閉伊郡岩泉町,門,3-16-12,ハイツ門317,1978-05-22,1934)
insert into student (no,name,roma,sex,phone,email,postno,address1,address2,address3,address4,birthday,graduation) values (100027,南部 長治,Nambu Chouji,男,0748-30-9094,chouji_nambu@yolcdqib.vt,523-0801,滋賀県,近江八幡市,沖島町,4-15-10,リバーサイド沖島町413,1996-09-14,1991)
insert into student (no,name,roma,sex,phone,email,postno,address1,address2,address3,address4,birthday,graduation) values (100028,原田 凛香,Harada Rinka,女,0770-59-3793,aharada@pagofveza.kry,915-0871,福井県,越前市,向が丘町,2-16-13,,1991-09-24,1965)
insert into student (no,name,roma,sex,phone,email,postno,address1,address2,address3,address4,birthday,graduation) values (100029,古谷 緑,Furuya Midori,女,096-24-6296,ifuruya@kehildqg.oug,861-0151,熊本県,熊本市北区,植木町木留,4-16-13,,1988-02-15,1934)
insert into student (no,name,roma,sex,phone,email,postno,address1,address2,address3,address4,birthday,graduation) values (100030,北原 梨央,Kitahara Rio,女,058-752-8448,riokitahara@padd.oy,503-0831,岐阜県,大垣市,新長沢町,2-4-12,,1965-11-26,1928)
insert into student (no,name,roma,sex,phone,email,postno,address1,address2,address3,address4,birthday,graduation) values (100031,永野 敬一,Nagano Keiichi,男,0799-92-6056,Keiichi_Nagano@oxwbtb.td,675-1333,兵庫県,小野市,垂井町,4-15-6,タワー垂井町407,1986-07-15,1918)
insert into student (no,name,roma,sex,phone,email,postno,address1,address2,address3,address4,birthday,graduation) values (100032,上岡 衣紅実,Kamioka Ikumi,女,0982-26-6446,ikumi516@cpxb.xrl,889-1413,宮崎県,児湯郡新富町,富田西,3-19-4,,1998-11-25,1980)
insert into student (no,name,roma,sex,phone,email,postno,address1,address2,address3,address4,birthday,graduation) values (100033,三村 和葉,Mimura Kazuha,女,059-069-3356,kazuha706@vbhc.weudt.xl,519-4204,三重県,熊野市,二木島町,3-10,ヴィレッジ二木島町202,1961-12-28,2012)
insert into student (no,name,roma,sex,phone,email,postno,address1,address2,address3,address4,birthday,graduation) values (100034,山田 春佳,Yamada Haruka,女,073-699-8345,haruka821@ubxgpb.hgs,649-7172,和歌山県,伊都郡かつらぎ町,蛭子,2-1-15,,1989-03-21,2003)
insert into student (no,name,roma,sex,phone,email,postno,address1,address2,address3,address4,birthday,graduation) values (100035,寺崎 心音,Terasaki Kokone,女,0799-21-0034,eterasaki@jrmq.uq,676-0062,兵庫県,高砂市,高砂町北渡海町,3-14-18,高砂町北渡海町ヒル201,1962-06-11,1997)
insert into student (no,name,roma,sex,phone,email,postno,address1,address2,address3,address4,birthday,graduation) values (100036,遠山 雅樹,Tooyama Masaki,男,027-354-0808,masaki09220@pqeqrsb.um,376-0041,群馬県,桐生市,川内町,3-16-4,パーク川内町414,1986-08-26,1919)
insert into student (no,name,roma,sex,phone,email,postno,address1,address2,address3,address4,birthday,graduation) values (100037,矢島 莉那,Yajima Rina,女,043-242-4954,rina61443@zdjotuug.un.iz,292-0511,千葉県,君津市,大坂,4-13-18,,1969-05-01,1963)
insert into student (no,name,roma,sex,phone,email,postno,address1,address2,address3,address4,birthday,graduation) values (100038,中野 若奈,Nakano Wakana,女,0265-02-8931,wakana24543@nontupykv.luf,399-2601,長野県,飯田市,虎岩,2-11-17,虎岩タウン404,1996-05-29,1991)
insert into student (no,name,roma,sex,phone,email,postno,address1,address2,address3,address4,birthday,graduation) values (100039,及川 誠二,Oikawa Seiji,男,0746-36-6941,ioikawa@reje.gwk,630-0114,奈良県,生駒市,鹿ノ台西,3-5,,1988-12-28,1973)
insert into student (no,name,roma,sex,phone,email,postno,address1,address2,address3,address4,birthday,graduation) values (100040,持田 幸彦,Mochida Yukihiko,男,095-934-1513,yukihikomochida@vwyhwuchp.jva,859-0122,長崎県,諫早市,高来町黒崎,3-6-15,高来町黒崎ステージ302,1964-09-21,1946)
insert into student (no,name,roma,sex,phone,email,postno,address1,address2,address3,address4,birthday,graduation) values (100041,滋賀 晴雄,Shiga Haruo,男,022-346-5158,haruo32478@wbbeenysn.wsx,981-2105,宮城県,伊具郡丸森町,舘矢間松掛,4-12,ザ舘矢間松掛309,1994-03-21,1901)
insert into student (no,name,roma,sex,phone,email,postno,address1,address2,address3,address4,birthday,graduation) values (100042,村上 勝夫,Murakami Katsuo,男,076-648-0057,qajnpj--rnbviekatsuo7047@nhya.fuu,922-0129,石川県,加賀市,山中温泉南町,1-14-19,山中温泉南町タウン116,1983-07-22,1934)
insert into student (no,name,roma,sex,phone,email,postno,address1,address2,address3,address4,birthday,graduation) values (100043,江藤 利郎,Etou Toshirou,男,028-653-2599,toshirou_etou@pijxbt.igg,327-0003,栃木県,佐野市,大橋町,4-5-18,大橋町コート100,1967-07-27,1920)
insert into student (no,name,roma,sex,phone,email,postno,address1,address2,address3,address4,birthday,graduation) values (100044,深沢 知花,Fukazawa Chihana,女,054-802-2446,afukazawa@eqbrjjgmub.cu,437-1614,静岡県,御前崎市,塩原新田,1-2-20,,1999-05-01,1907)
insert into student (no,name,roma,sex,phone,email,postno,address1,address2,address3,address4,birthday,graduation) values (100045,佐久間 綾平,Sakuma Ryouhei,男,0994-55-0461,Ryouhei_Sakuma@psso.ecd,896-0066,鹿児島県,いちき串木野市,野元,3-18,,1996-07-24,1983)
insert into student (no,name,roma,sex,phone,email,postno,address1,address2,address3,address4,birthday,graduation) values (100046,長谷 賢司,Nagaya Kenji,男,026-676-7237,kenji4743@yqewur.efeq.wf,399-7403,長野県,松本市,穴沢,4-19,,1987-11-20,1987)
insert into student (no,name,roma,sex,phone,email,postno,address1,address2,address3,address4,birthday,graduation) values (100047,小山田 亜希子,Oyamada Akiko,女,0863-65-5616,akiko7838@zmpkh.sqzx.nmh,701-4304,岡山県,瀬戸内市,牛窓町千手,4-11-14,,1983-12-08,1963)
insert into student (no,name,roma,sex,phone,email,postno,address1,address2,address3,address4,birthday,graduation) values (100048,梅原 真紗子,Umehara Masako,女,095-692-2916,juckdwfnq=d=amasako667@ofagfahrvt.naj,857-4703,長崎県,北松浦郡小値賀町,中村郷,2-11-16,,1962-11-09,1999)
insert into student (no,name,roma,sex,phone,email,postno,address1,address2,address3,address4,birthday,graduation) values (100049,五十嵐 青南,Igarashi Sena,男,0174-43-4462,senaigarashi@lprigrona.ghj,030-1514,青森県,東津軽郡今別町,砂ケ森,2-13,,1997-04-15,1964)
insert into student (no,name,roma,sex,phone,email,postno,address1,address2,address3,address4,birthday,graduation) values (100050,坪井 廣祐,Tsuboi Kousuke,男,073-184-2027,etsuboi@ultxaeoc.yv,640-8273,和歌山県,和歌山市,葵町,4-2-12,葵町シーサイド213,1987-01-27,1976)
insert into student (no,name,roma,sex,phone,email,postno,address1,address2,address3,address4,birthday,graduation) values (100051,岸田 莉穂,Kishida Riho,女,087-243-7058,pcppigji-telriho0729@yfiwrluxu.bq,763-0053,香川県,丸亀市,金倉町,1-19,,1983-05-22,1997)
insert into student (no,name,roma,sex,phone,email,postno,address1,address2,address3,address4,birthday,graduation) values (100052,露木 銀雅,Tsuyuki Ginga,男,0823-46-6676,Ginga_Tsuyuki@sxdyjrgfq.xf,736-0087,広島県,広島市安芸区,矢野町,4-15-3,矢野町スカイ215,1999-01-28,2001)
insert into student (no,name,roma,sex,phone,email,postno,address1,address2,address3,address4,birthday,graduation) values (100053,田沢 謙一,Tazawa Kenichi,男,022-291-9764,kenichi77627@zwcjyysg.ripyo.zp,986-2524,宮城県,石巻市,鮎川浜丁,2-18-9,,1967-03-17,1929)
insert into student (no,name,roma,sex,phone,email,postno,address1,address2,address3,address4,birthday,graduation) values (100054,田渕 美千代,Tabuchi Michiyo,女,017-406-9646,michiyo2083@nyeylak.dh,033-0112,青森県,三沢市,細谷,3-12-6,,1970-11-15,1940)
insert into student (no,name,roma,sex,phone,email,postno,address1,address2,address3,address4,birthday,graduation) values (100055,阿久津 雅博,Akutsu Masahiro,男,022-213-7128,masahiro6493@cnbr.wh,986-0856,宮城県,石巻市,大街道南,2-19-17,,1992-08-07,1994)
insert into student (no,name,roma,sex,phone,email,postno,address1,address2,address3,address4,birthday,graduation) values (100056,諏訪 尚子,Suwa Naoko,女,0859-59-9124,Naoko_Suwa@hikv.ofz.lq,689-0221,鳥取県,鳥取市,気高町下坂本,4-20,,1990-12-28,1957)
insert into student (no,name,roma,sex,phone,email,postno,address1,address2,address3,address4,birthday,graduation) values (100057,北原 柑奈,Kitahara Kamna,女,076-498-1820,kamna81280@qlwpgsa.pab,923-1272,石川県,能美郡川北町,下田子島,1-7-17,,1966-07-30,1923)
insert into student (no,name,roma,sex,phone,email,postno,address1,address2,address3,address4,birthday,graduation) values (100058,河口 綾乃,Kawaguchi Ayano,女,0854-13-2888,ayano6178@abiirhevu.io,697-0002,島根県,浜田市,生湯町,2-3-11,プレイス生湯町413,1981-02-26,1901)
insert into student (no,name,roma,sex,phone,email,postno,address1,address2,address3,address4,birthday,graduation) values (100059,中嶋 舞花,Nakajima Maika,女,077-81-9940,maikanakajima@nndsot.nj,614-8011,京都府,八幡市,八幡垣内山,2-3-10,八幡垣内山の杜404,1994-04-29,1915)
insert into student (no,name,roma,sex,phone,email,postno,address1,address2,address3,address4,birthday,graduation) values (100060,柳 花衣,Yanagi Kae,女,076-935-3694,kae36019@vxbq.rzf,920-1144,石川県,金沢市,袋板屋町,3-2,,1992-10-30,2006)
insert into student (no,name,roma,sex,phone,email,postno,address1,address2,address3,address4,birthday,graduation) values (100061,立花 好子,Tachibana Yoshiko,女,0773-51-6117,otachibana@cyvfsdqy.ir.bt,602-0824,京都府,京都市上京区,一真町,4-17-14,,1987-03-12,1931)
insert into student (no,name,roma,sex,phone,email,postno,address1,address2,address3,address4,birthday,graduation) values (100062,村田 優志,Murata Yuushi,男,058-773-0337,yuushi1617@pxxavp.uqk,509-4313,岐阜県,飛騨市,河合町保,4-7,,1997-01-05,1901)
insert into student (no,name,roma,sex,phone,email,postno,address1,address2,address3,address4,birthday,graduation) values (100063,佐竹 康夫,Satake Yasuo,男,0943-45-9311,Yasuo_Satake@udkaekohdo.mboqc.ai,811-3107,福岡県,古賀市,美明,2-12-2,,1963-01-30,1925)
insert into student (no,name,roma,sex,phone,email,postno,address1,address2,address3,address4,birthday,graduation) values (100064,乾 音吏人,Inui Orito,男,0749-86-1342,orito5003@pgkixxgceg.td.umg,520-2416,滋賀県,野洲市,堤,3-4-13,,1997-02-22,1957)
insert into student (no,name,roma,sex,phone,email,postno,address1,address2,address3,address4,birthday,graduation) values (100065,芦田 芳明,Ashida Yoshiaki,男,0595-67-7604,yoshiaki2564@hdgrzati.dvn,519-1116,三重県,亀山市,関町久我,2-5-13,,1979-11-07,1963)
insert into student (no,name,roma,sex,phone,email,postno,address1,address2,address3,address4,birthday,graduation) values (100066,植木 勉,Ueki Tsutomu,男,025-713-7954,uueki@jsska.le,940-0236,新潟県,長岡市,栃尾大野町,4-5-19,栃尾大野町庵208,1977-11-29,1966)
insert into student (no,name,roma,sex,phone,email,postno,address1,address2,address3,address4,birthday,graduation) values (100067,赤松 順子,Akamatsu Junko,女,0747-11-5034,junko_akamatsu@qglsnw.mmc,630-8207,奈良県,奈良市,今小路町,2-15-12,,1978-05-03,1920)
insert into student (no,name,roma,sex,phone,email,postno,address1,address2,address3,address4,birthday,graduation) values (100068,石村 由子,Ishimura Yuuko,女,0858-61-1505,yuuko150@uaztqtm.el,684-0072,鳥取県,境港市,渡町,4-5-20,渡町パレス403,1971-06-09,2001)
insert into student (no,name,roma,sex,phone,email,postno,address1,address2,address3,address4,birthday,graduation) values (100069,川上 環,Kawakami Tamaki,女,045-970-8059,tamaki12975@entiqifpsd.tp,256-0814,神奈川県,小田原市,川匂,1-8-1,,1982-05-17,1924)
insert into student (no,name,roma,sex,phone,email,postno,address1,address2,address3,address4,birthday,graduation) values (100070,川本 直人,Kawamoto Naoto,男,0898-86-0931,naotokawamoto@fywezrgpb.hi.cme,790-0814,愛媛県,松山市,味酒町,1-11-3,味酒町パーク214,1990-08-31,1995)
insert into student (no,name,roma,sex,phone,email,postno,address1,address2,address3,address4,birthday,graduation) values (100071,上村 陽一郎,Uemura Youichirou,男,087-544-6510,youichirou875@cudbyk.ven,764-0025,香川県,仲多度郡多度津町,寿町,4-6-19,タワー寿町306,1979-05-05,1904)
insert into student (no,name,roma,sex,phone,email,postno,address1,address2,address3,address4,birthday,graduation) values (100072,松沢 良三,Matsuzawa Ryouzou,男,03-6334-4166,ryouzou43060@yyjpbqrzy.sme,100-0006,東京都,千代田区,有楽町,2-13-2,,1989-05-24,1903)
insert into student (no,name,roma,sex,phone,email,postno,address1,address2,address3,address4,birthday,graduation) values (100073,福岡 輝,Fukuoka Hikaru,男,073-774-0592,hikaru_fukuoka@xlshi.vszg.mgv,640-8044,和歌山県,和歌山市,板屋町,2-15-8,,1995-04-02,1924)
insert into student (no,name,roma,sex,phone,email,postno,address1,address2,address3,address4,birthday,graduation) values (100074,新村 正浩,Niimura Masahiro,男,0868-65-9504,masahironiimura@bldn.vr,719-1123,岡山県,総社市,上林,4-2,,1995-06-11,1996)
insert into student (no,name,roma,sex,phone,email,postno,address1,address2,address3,address4,birthday,graduation) values (100075,瀬川 克彦,Segawa Katsuhiko,男,087-046-4285,Katsuhiko_Segawa@vmnned.uxy,762-0011,香川県,坂出市,江尻町,2-12-4,,1984-06-11,1932)
insert into student (no,name,roma,sex,phone,email,postno,address1,address2,address3,address4,birthday,graduation) values (100076,平井 宗雄,Hirai Muneo,男,018-809-8096,muneo33069@zbnuiwngba.rle,010-0912,秋田県,秋田市,保戸野通町,1-13-14,,1987-06-02,2005)
insert into student (no,name,roma,sex,phone,email,postno,address1,address2,address3,address4,birthday,graduation) values (100077,堀田 里穂,Hotta Riho,女,054-113-2360,rihohotta@wkafspfrsx.ytx,420-0821,静岡県,静岡市葵区,柚木,3-19-5,,1982-03-19,2000)
insert into student (no,name,roma,sex,phone,email,postno,address1,address2,address3,address4,birthday,graduation) values (100078,田畑 明憲,Tabata Akinori,男,083-261-9379,akinoritabata@foscaigujh.hm,744-0003,山口県,下松市,琴平町,4-8,,1987-05-08,1939)
insert into student (no,name,roma,sex,phone,email,postno,address1,address2,address3,address4,birthday,graduation) values (100079,小峰 綾乃,Komine Ayano,女,0854-14-2417,okomine@yfchhejjr.vazen.jor,699-0108,島根県,松江市,東出雲町出雲郷,3-17,,1976-10-10,2015)
insert into student (no,name,roma,sex,phone,email,postno,address1,address2,address3,address4,birthday,graduation) values (100080,秋元 愛菜,Akimoto Aina,女,0942-27-8132,aina819@cptarx.esb,849-1221,佐賀県,杵島郡白石町,新拓,2-4,,1996-12-28,1997)
insert into student (no,name,roma,sex,phone,email,postno,address1,address2,address3,address4,birthday,graduation) values (100081,林田 風香,Hayashida Fuuka,女,018-84-5781,fuuka26268@vopmvz.cs.fuq,013-0432,秋田県,横手市,大雄東中島,3-14-1,,1996-02-15,2003)
insert into student (no,name,roma,sex,phone,email,postno,address1,address2,address3,address4,birthday,graduation) values (100082,久米 正利,Kume Masatoshi,男,022-773-5126,ikume@flnper.tw.eb,988-0144,宮城県,気仙沼市,松崎鶴巻,4-16-13,,1996-11-26,1913)
insert into student (no,name,roma,sex,phone,email,postno,address1,address2,address3,address4,birthday,graduation) values (100083,西口 幸,Nishiguchi Sachi,女,088-311-6428,sachi12727@xqphui.sep,779-0113,徳島県,板野郡板野町,黒谷,1-19-19,ステージ黒谷211,1971-03-16,2018)
insert into student (no,name,roma,sex,phone,email,postno,address1,address2,address3,address4,birthday,graduation) values (100084,長瀬 清人,Nagase Kiyoto,男,0967-37-0582,Kiyoto_Nagase@eqhclidf.pgr,862-0909,熊本県,熊本市東区,湖東,3-5,ロイヤル湖東400,1983-04-01,1904)
insert into student (no,name,roma,sex,phone,email,postno,address1,address2,address3,address4,birthday,graduation) values (100085,大村 祐希,Oomura Yuuki,女,0234-90-7455,Yuuki_Oomura@dzqtwhrtmu.ifl.lx,999-3716,山形県,東根市,蟹沢,3-12-6,,1972-12-31,1945)
insert into student (no,name,roma,sex,phone,email,postno,address1,address2,address3,address4,birthday,graduation) values (100086,田島 咲月,Tajima Satsuki,女,028-884-2415,cvtlymzcpxisatsuki0412@cziaowz.tk,326-0003,栃木県,足利市,名草下町,1-19-17,,1962-05-08,2005)
insert into student (no,name,roma,sex,phone,email,postno,address1,address2,address3,address4,birthday,graduation) values (100087,川合 遙,Kawai Haruka,女,0972-36-5215,haruka9573@afvu.znaqv.rpc,870-0833,大分県,大分市,上野丘東,2-11-8,上野丘東マンション118,1971-05-08,1971)
insert into student (no,name,roma,sex,phone,email,postno,address1,address2,address3,address4,birthday,graduation) values (100088,今西 勇,Imanishi Isami,男,0959-83-7390,isami32487@xjajvpy.wi.egu,817-1701,長崎県,対馬市,上対馬町比田勝,1-9-16,,1970-03-12,1993)
insert into student (no,name,roma,sex,phone,email,postno,address1,address2,address3,address4,birthday,graduation) values (100089,安斉 久典,Anzai Hisanori,男,0551-77-4526,hisanori218@tjjosj.ay.fix,405-0025,山梨県,山梨市,一町田中,4-17-18,,1968-07-10,1979)
insert into student (no,name,roma,sex,phone,email,postno,address1,address2,address3,address4,birthday,graduation) values (100090,池本 勝,Ikemoto Masaru,男,0987-28-7421,masaruikemoto@wdez.aay,882-0855,宮崎県,延岡市,卸本町,2-4-13,卸本町ヒル214,1970-12-24,1903)
insert into student (no,name,roma,sex,phone,email,postno,address1,address2,address3,address4,birthday,graduation) values (100091,川端 一夫,Kawabata Kazuo,男,0125-52-4981,okawabata@xygwgb.jy,089-2156,北海道,広尾郡大樹町,緑苑,3-10,,1961-04-15,1905)
insert into student (no,name,roma,sex,phone,email,postno,address1,address2,address3,address4,birthday,graduation) values (100092,松川 凛乃,Matsukawa Rino,女,099-376-8839,rinomatsukawa@ikplelaacn.wubvf.ug,899-8213,鹿児島県,曽於市,大隅町境木町,1-3-2,大隅町境木町の杜412,1991-05-09,1951)
insert into student (no,name,roma,sex,phone,email,postno,address1,address2,address3,address4,birthday,graduation) values (100093,益田 忠三,Masuda Chuuzou,男,06-1774-0041,chuuzoumasuda@earkvae.iew.xks,580-0014,大阪府,松原市,岡,4-2-2,岡荘306,1998-08-30,1951)
insert into student (no,name,roma,sex,phone,email,postno,address1,address2,address3,address4,birthday,graduation) values (100094,新川 十郎,Shinkawa Juurou,男,0173-35-0805,juurou742@litqscu.lc,039-3502,青森県,青森市,久栗坂,2-11,,1976-10-06,1914)
insert into student (no,name,roma,sex,phone,email,postno,address1,address2,address3,address4,birthday,graduation) values (100095,内村 輝,Uchimura Hikaru,男,0834-81-9006,uuchimura@aqir.lky,745-0062,山口県,周南市,月丘町,4-1-17,コンフォート月丘町319,1974-12-29,1937)
insert into student (no,name,roma,sex,phone,email,postno,address1,address2,address3,address4,birthday,graduation) values (100096,石倉 良二,Ishikura Ryouji,男,011-771-5710,Ryouji_Ishikura@olnpnj.xq,099-0874,北海道,北見市,住吉,2-17-16,,1961-08-30,1956)
insert into student (no,name,roma,sex,phone,email,postno,address1,address2,address3,address4,birthday,graduation) values (100097,荻野 帆波,Ogino Honami,女,0984-6-8320,honami73639@huine.ie,889-0617,宮崎県,東臼杵郡門川町,南ケ丘,2-19-4,,1978-03-04,1989)
insert into student (no,name,roma,sex,phone,email,postno,address1,address2,address3,address4,birthday,graduation) values (100098,川本 竜雅,Kawamoto Ryuuga,男,06-2616-5037,ryuugakawamoto@lyxa.azic.tg,574-0035,大阪府,大東市,三洋町,1-1-18,,1992-08-21,1968)
insert into student (no,name,roma,sex,phone,email,postno,address1,address2,address3,address4,birthday,graduation) values (100099,我妻 諒成,Agatsuma Ryousei,男,088-559-2681,ryousei63003@anwrb.vvec.pw,779-2108,徳島県,海部郡美波町,木岐,3-15-11,,1987-08-07,1941)
insert into student (no,name,roma,sex,phone,email,postno,address1,address2,address3,address4,birthday,graduation) values (100100,新川 平吉,Shinkawa Heikichi,男,0186-12-9556,heikichi11343@oqbqhmegj.ownf.qv,010-1405,秋田県,秋田市,上北手大山田,4-16-3,,1998-05-08,2011)
insert into student (no,name,roma,sex,phone,email,postno,address1,address2,address3,address4,birthday,graduation) values (100101,宮地 哲雄,Miyachi Tetsuo,男,025-653-5177,tetsuo_miyachi@ylsl.od.wca,952-1322,新潟県,佐渡市,石田,3-10-11,石田パーク318,1997-08-14,1913)
insert into student (no,name,roma,sex,phone,email,postno,address1,address2,address3,address4,birthday,graduation) values (100102,大場 友美,Ooba Yumi,女,077-219-1341,yumiooba@qtmyu.aq,607-8011,京都府,京都市山科区,安朱南屋敷町,2-18-11,,1993-12-10,2009)
insert into student (no,name,roma,sex,phone,email,postno,address1,address2,address3,address4,birthday,graduation) values (100103,内藤 絢菜,Naitou Ayana,女,06-3194-6584,ayananaitou@glybj.hbt,582-0018,大阪府,柏原市,大県,3-7-1,,1991-09-23,1996)
insert into student (no,name,roma,sex,phone,email,postno,address1,address2,address3,address4,birthday,graduation) values (100104,小峰 有紀,Komine Yuki,女,0143-43-0240,Yuki_Komine@itjbjw.zer,093-0215,北海道,北見市,常呂町岐阜,4-18-7,常呂町岐阜グリーン419,1972-08-27,1912)
insert into student (no,name,roma,sex,phone,email,postno,address1,address2,address3,address4,birthday,graduation) values (100105,山崎 徳三郎,Yamazaki Tokusaburou,男,077-857-2850,tokusaburou5874@cljx.cia,606-0821,京都府,京都市左京区,賀茂今井町,4-10-13,,1984-12-21,1951)
insert into student (no,name,roma,sex,phone,email,postno,address1,address2,address3,address4,birthday,graduation) values (100106,小西 郁代,Konishi Ikuyo,女,0954-55-2965,ikuyo_konishi@bzgdgs.jx,847-0811,佐賀県,唐津市,八百屋町,3-3-15,,1995-11-12,1933)
insert into student (no,name,roma,sex,phone,email,postno,address1,address2,address3,address4,birthday,graduation) values (100107,石崎 竜,Ishizaki Ryuu,男,0158-44-4333,ryuu_ishizaki@sivffupg.rpf.ui,089-0783,北海道,中川郡幕別町,駒畠,1-2-11,テラス駒畠317,1969-04-29,2008)
insert into student (no,name,roma,sex,phone,email,postno,address1,address2,address3,address4,birthday,graduation) values (100108,前原 辰二,Maehara Tatsuji,男,0735-5-4609,tatsuji_maehara@pnwlh.kvt,515-2624,三重県,津市,白山町垣内,3-10,,1971-05-05,1953)
insert into student (no,name,roma,sex,phone,email,postno,address1,address2,address3,address4,birthday,graduation) values (100109,谷川 伸夫,Tanigawa Nobuo,男,0250-83-9319,nobuo_tanigawa@crfqidc.clg,959-4512,新潟県,東蒲原郡阿賀町,大倉乙,1-3-6,,1989-05-14,1937)
insert into student (no,name,roma,sex,phone,email,postno,address1,address2,address3,address4,birthday,graduation) values (100110,赤塚 明男,Akatsuka Akio,男,078-005-1109,akio27623@aqgldjxnc.wp.onv,668-0006,兵庫県,豊岡市,森津,3-1-7,,1968-06-23,1966)
insert into student (no,name,roma,sex,phone,email,postno,address1,address2,address3,address4,birthday,graduation) values (100111,柴山 充,Shibayama Mitsuru,男,0220-5-4655,mitsuru321@hweeyhclq.bkf,980-0821,宮城県,仙台市青葉区,春日町,1-6-15,,1982-07-24,1952)
insert into student (no,name,roma,sex,phone,email,postno,address1,address2,address3,address4,birthday,graduation) values (100112,山中 典大,Yamanaka Norihiro,男,018-504-9223,oyamanaka@jvijljkq.vs,013-0335,秋田県,横手市,大雄折橋,4-3-16,,1966-12-07,1959)
insert into student (no,name,roma,sex,phone,email,postno,address1,address2,address3,address4,birthday,graduation) values (100113,平田 実咲,Hirata Misaki,女,0930-47-9951,misaki7199@hemwr.on,818-0003,福岡県,筑紫野市,山家,3-9-17,山家庵308,1978-07-28,1941)
insert into student (no,name,roma,sex,phone,email,postno,address1,address2,address3,address4,birthday,graduation) values (100114,三原 春江,Mihara Harue,女,0824-17-4715,harue565@kifhhgr.mj,722-0018,広島県,尾道市,平原,1-15-9,,1961-05-30,1957)
insert into student (no,name,roma,sex,phone,email,postno,address1,address2,address3,address4,birthday,graduation) values (100115,湯川 貞一,Yukawa Teiichi,男,0266-83-6555,teiichi82703@hhlxzej.lb,399-0026,長野県,松本市,寿中,2-14,,1970-04-08,1944)
insert into student (no,name,roma,sex,phone,email,postno,address1,address2,address3,address4,birthday,graduation) values (100116,川添 咲月,Kawazoe Satsuki,女,0854-18-9967,plwuhsppausatsuki28377@tusyc.qfof.ny,693-0081,島根県,出雲市,中野美保北,3-5-19,プレイス中野美保北315,1981-12-12,1981)
insert into student (no,name,roma,sex,phone,email,postno,address1,address2,address3,address4,birthday,graduation) values (100117,米山 隆一,Komeyama Ryuuichi,男,029-562-0243,ryuuichi_komeyama@usdgckgf.pjo,300-2415,茨城県,つくばみらい市,西楢戸,2-9-12,,1996-08-07,1978)
insert into student (no,name,roma,sex,phone,email,postno,address1,address2,address3,address4,birthday,graduation) values (100118,樋口 幸司,Higuchi Kouji,男,0138-00-4017,kouji_higuchi@pfhplrqr.dw,089-3313,北海道,中川郡本別町,柳町,3-5-15,,1961-02-05,1942)
insert into student (no,name,roma,sex,phone,email,postno,address1,address2,address3,address4,birthday,graduation) values (100119,五十嵐 奈歩,Igarashi Naho,女,088-80-3974,oigarashi@retrsnt.xm,781-2335,高知県,吾川郡いの町,下八川十田,4-10,,1995-04-18,1910)
insert into student (no,name,roma,sex,phone,email,postno,address1,address2,address3,address4,birthday,graduation) values (100120,根岸 巧,Negishi Takumi,男,025-862-1366,sclryzvhmtakumi60434@yzcs.ffnz.wp,945-0023,新潟県,柏崎市,原町,1-13-1,ステーション原町115,1988-04-05,1910)
insert into student (no,name,roma,sex,phone,email,postno,address1,address2,address3,address4,birthday,graduation) values (100121,百瀬 昭治,Momose Shouji,男,0556-80-7256,pfztk=obzarwshouji757@qxmy.xca,404-0013,山梨県,山梨市,牧丘町窪平,1-4-16,,1981-05-22,1959)
insert into student (no,name,roma,sex,phone,email,postno,address1,address2,address3,address4,birthday,graduation) values (100122,笠井 紗耶,Kasai Saya,女,0797-29-0783,saya673@qfqgbhioxr.eg,679-3111,兵庫県,神崎郡神河町,大河,3-11-4,大河メゾン203,1962-06-25,2014)
insert into student (no,name,roma,sex,phone,email,postno,address1,address2,address3,address4,birthday,graduation) values (100123,香坂 英治,Kousaka Eiji,男,06-9413-3642,eijikousaka@znlccz.ivm,545-0034,大阪府,大阪市阿倍野区,阿倍野元町,1-3-18,阿倍野元町ガーデン105,1969-03-10,1930)
insert into student (no,name,roma,sex,phone,email,postno,address1,address2,address3,address4,birthday,graduation) values (100124,武井 孝司,Takei Takashi,男,076-580-4860,takashi9461@wpaxnuymq.ja,932-0241,富山県,南砺市,川原崎,1-16-18,,1989-01-04,1909)
insert into student (no,name,roma,sex,phone,email,postno,address1,address2,address3,address4,birthday,graduation) values (100125,大村 弓月,Oomura Yuzuki,女,03-7778-7465,yuzuki925@yjxaxvyhm.tlx,134-0083,東京都,江戸川区,中葛西,3-8-19,,1998-03-21,2011)
insert into student (no,name,roma,sex,phone,email,postno,address1,address2,address3,address4,birthday,graduation) values (100126,大田 奈那,Oota Nana,女,095-782-2490,nana9035@ghhqw.lim,853-2311,長崎県,南松浦郡新上五島町,榊ノ浦郷,1-8,,1994-07-04,1952)
insert into student (no,name,roma,sex,phone,email,postno,address1,address2,address3,address4,birthday,graduation) values (100127,内海 正三郎,Utsumi Shouzaburou,男,04-0991-1054,mzrf-bufoshouzaburou078@jnktqki.gxg,331-0045,埼玉県,さいたま市西区,内野本郷,4-20-20,,1988-08-21,1997)
insert into student (no,name,roma,sex,phone,email,postno,address1,address2,address3,address4,birthday,graduation) values (100128,茂木 和義,Mogi Kazuyoshi,男,0853-32-5612,kazuyoshi89929@yyfu.qt.wz,690-0331,島根県,松江市,鹿島町佐陀宮内,4-16,鹿島町佐陀宮内タウン408,1964-02-08,1956)
insert into student (no,name,roma,sex,phone,email,postno,address1,address2,address3,address4,birthday,graduation) values (100129,氏家 忠夫,Ujiie Tadao,男,04-7314-8766,tadaoujiie@gvhxgwi.gyk,350-1110,埼玉県,川越市,豊田町,2-11,,1992-05-11,2015)
insert into student (no,name,roma,sex,phone,email,postno,address1,address2,address3,address4,birthday,graduation) values (100130,大林 俊光,Oobayashi Toshimitsu,男,077-65-6293,toshimitsuoobayashi@rqtsbj.zw,600-8194,京都府,京都市下京区,栄町,2-18,,1993-03-29,1916)
insert into student (no,name,roma,sex,phone,email,postno,address1,address2,address3,address4,birthday,graduation) values (100131,小山田 章,Oyamada Akira,男,088-164-0669,mm--mzkd=ddgfnkakira2737@ckign.seem.kf,781-6458,高知県,安芸郡北川村,安倉,1-6-8,,1974-11-24,2014)
insert into student (no,name,roma,sex,phone,email,postno,address1,address2,address3,address4,birthday,graduation) values (100132,木原 卓也,Kihara Takuya,男,098-051-4299,lbaggnnliytakuya194@gpgvilyp.gd,904-2161,沖縄県,沖縄市,古謝,4-16,,1983-04-06,1948)
insert into student (no,name,roma,sex,phone,email,postno,address1,address2,address3,address4,birthday,graduation) values (100133,迫田 晴香,Sakota Haruka,女,0995-48-5047,asakota@jsmmtg.iq,899-5422,鹿児島県,姶良市,松原町,1-11-17,,1980-03-05,1991)
insert into student (no,name,roma,sex,phone,email,postno,address1,address2,address3,address4,birthday,graduation) values (100134,大高 竹男,Oodaka Takeo,男,0995-69-6162,Takeo_Oodaka@vglxc.ynk,899-7306,鹿児島県,曽於郡大崎町,永吉,1-6-19,,1993-02-18,1957)
insert into student (no,name,roma,sex,phone,email,postno,address1,address2,address3,address4,birthday,graduation) values (100135,岸 真里,Kishi Mari,女,088-193-0212,mari711@oabhcc.yeb,782-0034,高知県,香美市,土佐山田町宝町,4-19,,1959-08-17,1926)
insert into student (no,name,roma,sex,phone,email,postno,address1,address2,address3,address4,birthday,graduation) values (100136,前原 和佳子,Maehara Wakako,女,073-73-7453,wakako419@xwyxy.pvb,640-8118,和歌山県,和歌山市,北細工町,1-5-11,ハイツ北細工町302,1998-07-31,1993)
insert into student (no,name,roma,sex,phone,email,postno,address1,address2,address3,address4,birthday,graduation) values (100137,沢田 雅哉,Sawada Masaya,男,045-040-6033,masaya923@gqbskr.xo,223-0057,神奈川県,横浜市港北区,新羽町,1-17-3,,1982-12-05,1953)
insert into student (no,name,roma,sex,phone,email,postno,address1,address2,address3,address4,birthday,graduation) values (100138,本田 一朗,Honda Ichirou,男,076-938-3826,ichirou754@sgpxxbbs.gvd,939-2714,富山県,富山市,婦中町増田,3-3-15,,1967-10-06,1996)
insert into student (no,name,roma,sex,phone,email,postno,address1,address2,address3,address4,birthday,graduation) values (100139,柳 満里奈,Yanagi Marina,女,099-043-8695,marinayanagi@iyhmqah.iwc,899-3301,鹿児島県,日置市,吹上町中原,4-15-11,,1973-06-19,1934)
insert into student (no,name,roma,sex,phone,email,postno,address1,address2,address3,address4,birthday,graduation) values (100140,菅沼 麻子,Suganuma Mako,女,053-644-9105,in-dyfmako72963@lzrab.ce,430-0857,静岡県,浜松市中区,中島町,3-20,,1976-09-27,2008)
insert into student (no,name,roma,sex,phone,email,postno,address1,address2,address3,address4,birthday,graduation) values (100141,寺島 舞桜,Terashima Mao,女,076-678-0241,mao4479@ldnlsq.lj,939-1652,富山県,南砺市,福光新町,2-6-18,福光新町の杜113,1979-10-04,2006)
insert into student (no,name,roma,sex,phone,email,postno,address1,address2,address3,address4,birthday,graduation) values (100142,倉持 幸一郎,Kuramochi Kouichirou,男,018-657-7471,kouichirou32897@wqjrpliuy.ie,010-1422,秋田県,秋田市,仁井田目長田,3-15,仁井田目長田コート401,1991-10-23,1905)
insert into student (no,name,roma,sex,phone,email,postno,address1,address2,address3,address4,birthday,graduation) values (100143,高岡 与三郎,Takaoka Yosaburou,男,0293-64-2473,Yosaburou_Takaoka@rbyb.gok,305-0876,茨城県,つくば市,西栗山,2-10-19,,1983-12-18,1977)
insert into student (no,name,roma,sex,phone,email,postno,address1,address2,address3,address4,birthday,graduation) values (100144,栗林 忠志,Kuribayashi Tadashi,男,0296-03-1814,tadashi4520@hxiqiqu.lj,316-0031,茨城県,日立市,成沢町,2-2-19,成沢町ハイツ304,1984-10-01,2009)
insert into student (no,name,roma,sex,phone,email,postno,address1,address2,address3,address4,birthday,graduation) values (100145,川辺 千絵,Kawabe Chie,女,017-430-8327,Chie_Kawabe@wnnb.sy,039-1521,青森県,三戸郡五戸町,久蔵窪,2-6-18,,1976-05-31,1957)
insert into student (no,name,roma,sex,phone,email,postno,address1,address2,address3,address4,birthday,graduation) values (100146,上杉 湊葵,Uesugi Souki,男,098-551-8791,iuesugi@folixeoq.cpg,905-0223,沖縄県,国頭郡本部町,大嘉陽,3-17-15,,1998-12-19,1978)
insert into student (no,name,roma,sex,phone,email,postno,address1,address2,address3,address4,birthday,graduation) values (100147,末吉 裕仁,Sueyoshi Hirohito,男,046-35-5900,hirohito54530@afbhxrha.kid,210-0857,神奈川県,川崎市川崎区,白石町,2-18-6,,1990-08-25,1952)
insert into student (no,name,roma,sex,phone,email,postno,address1,address2,address3,address4,birthday,graduation) values (100148,滝本 文彦,Takimoto Fumihiko,男,097-49-5846,fumihiko78976@ylueqalu.kdo.mw,871-0051,大分県,中津市,古博多町,2-7-17,コート古博多町214,1994-10-26,2012)
insert into student (no,name,roma,sex,phone,email,postno,address1,address2,address3,address4,birthday,graduation) values (100149,浦田 幹雄,Urata Mikio,男,045-848-7290,mikiourata@jtbokte.vv,236-0024,神奈川県,横浜市金沢区,乙舳町,4-1-20,,1963-09-28,1962)
insert into student (no,name,roma,sex,phone,email,postno,address1,address2,address3,address4,birthday,graduation) values (100150,大矢 綾菜,Ooya Ayana,女,023-133-8429,Ayana_Ooya@fuar.sr,999-6837,山形県,酒田市,新町,3-3-11,,1979-07-15,1966)
insert into student (no,name,roma,sex,phone,email,postno,address1,address2,address3,address4,birthday,graduation) values (100151,鵜飼 奈津美,Ukai Natsumi,女,058-062-0331,natsumi80321@opppybele.bzo.tg,504-0026,岐阜県,各務原市,那加前野町,1-5-6,,1960-03-23,2019)
insert into student (no,name,roma,sex,phone,email,postno,address1,address2,address3,address4,birthday,graduation) values (100152,山野 浩重,Yamano Hiroshige,男,0293-71-7518,hiroshige_yamano@iygwhfjk.yv,300-4108,茨城県,土浦市,小野,4-12-6,,1964-06-25,1915)
insert into student (no,name,roma,sex,phone,email,postno,address1,address2,address3,address4,birthday,graduation) values (100153,古沢 信之,Furusawa Nobuyuki,男,015-428-9694,ifurusawa@buaz.sr,086-1106,北海道,標津郡中標津町,西六条南,2-10-11,ステーション西六条南204,1992-08-07,1998)
insert into student (no,name,roma,sex,phone,email,postno,address1,address2,address3,address4,birthday,graduation) values (100154,町田 志歩,Machida Shiho,女,0749-22-6662,Shiho_Machida@wrfcfop.mvq,520-0837,滋賀県,大津市,中庄,2-12-9,,1991-12-10,1980)
insert into student (no,name,roma,sex,phone,email,postno,address1,address2,address3,address4,birthday,graduation) values (100155,飯島 美琴,Iijima Mikoto,女,017-401-1696,mikoto26011@koagsforid.foc,039-2684,青森県,上北郡東北町,向平,2-12-19,ロイヤル向平102,1977-10-30,1986)
insert into student (no,name,roma,sex,phone,email,postno,address1,address2,address3,address4,birthday,graduation) values (100156,西谷 綾香,Nishitani Ayaka,女,023-836-2889,ayaka_nishitani@pejcwcnzzj.sg,996-0078,山形県,新庄市,新町,2-4-3,,1973-11-30,1975)
insert into student (no,name,roma,sex,phone,email,postno,address1,address2,address3,address4,birthday,graduation) values (100157,松永 政美,Matsunaga Masami,女,0551-43-5444,masami9645@ndmgwdxl.iolx.ffp,405-0075,山梨県,笛吹市,一宮町東原,2-18-3,,1997-06-11,1938)
insert into student (no,name,roma,sex,phone,email,postno,address1,address2,address3,address4,birthday,graduation) values (100158,川越 日菜乃,Kawagoe Hinano,女,097-789-1227,hinano76992@ickobjhl.wil,877-0084,大分県,日田市,朝日ケ丘,2-2,リバーサイド朝日ケ丘104,1959-09-26,2016)
insert into student (no,name,roma,sex,phone,email,postno,address1,address2,address3,address4,birthday,graduation) values (100159,永島 莉音,Nagashima Rion,女,026-102-1451,miqfzft=basdcg=rion6340@bmdjsu.ro,381-2245,長野県,長野市,三本柳東,4-8-5,,1996-08-21,1923)
insert into student (no,name,roma,sex,phone,email,postno,address1,address2,address3,address4,birthday,graduation) values (100160,鳥居 嘉子,Torii Yoshiko,女,083-962-3422,yoshiko_torii@jyxy.uum,759-6614,山口県,下関市,梶栗町,1-2,,1989-08-07,1939)
insert into student (no,name,roma,sex,phone,email,postno,address1,address2,address3,address4,birthday,graduation) values (100161,宮城 心結,Miyagi Miyu,女,096-409-2193,umiyagi@fxrovfqmyg.wzc.akb,861-0315,熊本県,山鹿市,鹿本町小嶋,3-7,鹿本町小嶋シティ106,1965-01-24,2018)
insert into student (no,name,roma,sex,phone,email,postno,address1,address2,address3,address4,birthday,graduation) values (100162,船橋 結奈,Funabashi Yuuna,女,04-4141-7574,yuuna681@fgicam.kymf.psp,369-0223,埼玉県,深谷市,榛沢,1-13,,1990-09-07,1930)
insert into student (no,name,roma,sex,phone,email,postno,address1,address2,address3,address4,birthday,graduation) values (100163,田端 堅助,Tabata Kensuke,男,0858-10-9988,etabata@alpr.xp,682-0923,鳥取県,倉吉市,鴨川町,2-1-7,,1964-06-22,1912)
insert into student (no,name,roma,sex,phone,email,postno,address1,address2,address3,address4,birthday,graduation) values (100164,益田 京香,Masuda Kyouka,女,078-723-6197,kyouka2035@hbluuib.cz,668-0352,兵庫県,豊岡市,但東町赤花,2-8-18,但東町赤花プレシャス304,1981-08-05,1952)
insert into student (no,name,roma,sex,phone,email,postno,address1,address2,address3,address4,birthday,graduation) values (100165,坂本 健司,Sakamoto Kenji,男,086-831-6345,kenji26604@lelunk.egm,714-0031,岡山県,笠岡市,西大島新田,1-7,,1967-08-31,2007)
insert into student (no,name,roma,sex,phone,email,postno,address1,address2,address3,address4,birthday,graduation) values (100166,森島 陽子,Morishima Youko,女,077-284-2577,youkomorishima@nhkfhugmx.vzhve.wg,614-8088,京都府,八幡市,八幡石不動,4-4-10,八幡石不動ダイヤモンド102,1991-12-15,1946)
insert into student (no,name,roma,sex,phone,email,postno,address1,address2,address3,address4,birthday,graduation) values (100167,小原 留子,Ohara Tomeko,女,087-335-4441,tomeko3663@ujczavdu.oy,762-0063,香川県,坂出市,番の州公園,4-6,,1971-07-15,1917)
insert into student (no,name,roma,sex,phone,email,postno,address1,address2,address3,address4,birthday,graduation) values (100168,進藤 茂雄,Shindou Shigeo,男,03-5684-2421,nbdjf--cwatshigeo4261@zjhteedl.lu,187-0001,東京都,小平市,大沼町,1-8,,1981-05-14,2006)
insert into student (no,name,roma,sex,phone,email,postno,address1,address2,address3,address4,birthday,graduation) values (100169,平野 史織,Hirano Shiori,女,098-364-7059,shiori729@zmmvlyhqr.uyq,901-1205,沖縄県,南城市,大里高平,3-2-5,,1973-01-20,1995)
insert into student (no,name,roma,sex,phone,email,postno,address1,address2,address3,address4,birthday,graduation) values (100170,川本 政春,Kawamoto Masaharu,男,0276-94-4856,ukawamoto@fxferfnivr.no,379-1201,群馬県,利根郡昭和村,生越,1-15-17,,1992-02-20,1959)
insert into student (no,name,roma,sex,phone,email,postno,address1,address2,address3,address4,birthday,graduation) values (100171,安永 由香,Yasunaga Yuka,女,022-091-1292,ayasunaga@jptqxc.sl.sqo,988-0303,宮城県,気仙沼市,本吉町幸土,3-11-20,,1993-06-18,1953)
insert into student (no,name,roma,sex,phone,email,postno,address1,address2,address3,address4,birthday,graduation) values (100172,横川 務,Yokokawa Tsutomu,男,0987-18-9762,tsutomuyokokawa@gzyvopokd.xr,882-0403,宮崎県,西臼杵郡日之影町,見立,1-2-14,,1975-09-12,2013)
insert into student (no,name,roma,sex,phone,email,postno,address1,address2,address3,address4,birthday,graduation) values (100173,岡村 小羽奈,Okamura Kohana,女,0294-53-4647,kohana9811@qvdtqfmhx.ln,315-0052,茨城県,かすみがうら市,下稲吉,4-9-20,,1996-03-30,1943)
insert into student (no,name,roma,sex,phone,email,postno,address1,address2,address3,address4,birthday,graduation) values (100174,小沢 泰弘,Ozawa Yasuhiro,男,0745-00-3300,yasuhiro340@fffwgh.zjw,630-8443,奈良県,奈良市,南永井町,3-20-8,,1996-01-08,1905)
insert into student (no,name,roma,sex,phone,email,postno,address1,address2,address3,address4,birthday,graduation) values (100175,倉田 謙多郎,Kurata Kentarou,男,0866-41-5197,kentarou847@zoeqwgig.hlv,709-1215,岡山県,岡山市南区,片岡,2-11-20,,1995-06-06,1902)
insert into student (no,name,roma,sex,phone,email,postno,address1,address2,address3,address4,birthday,graduation) values (100176,田淵 葉菜,Tabuchi Hana,女,077-719-2293,hana541@hpnnbs.km.bh,603-8335,京都府,京都市北区,大将軍坂田町,3-5-5,,1978-02-15,1931)
insert into student (no,name,roma,sex,phone,email,postno,address1,address2,address3,address4,birthday,graduation) values (100177,滋賀 美和子,Shiga Miwako,女,058-705-7445,dum=xrgwtt-tzijmiwako85226@jkyqnjf.kfo,501-1123,岐阜県,岐阜市,古市場高田,2-14,,1993-02-28,2008)
insert into student (no,name,roma,sex,phone,email,postno,address1,address2,address3,address4,birthday,graduation) values (100178,石丸 勝三,Ishimaru Katsuzou,男,0175-33-0862,katsuzou_ishimaru@ygfayodnj.rbz,039-5321,青森県,むつ市,脇野沢源藤城,4-13-13,脇野沢源藤城グランド313,1965-09-16,1973)
insert into student (no,name,roma,sex,phone,email,postno,address1,address2,address3,address4,birthday,graduation) values (100179,緒方 由衣,Ogata Yui,女,019-233-7644,yuiogata@jxapfngret.ra,028-3311,岩手県,紫波郡紫波町,犬渕,2-17-20,,1997-11-02,1921)
insert into student (no,name,roma,sex,phone,email,postno,address1,address2,address3,address4,birthday,graduation) values (100180,松永 優佳,Matsunaga Yuuka,女,088-810-5730,yuuka3975@dpesmo.qwtd.ho,781-4246,高知県,香美市,香北町日比原,2-20,,1987-12-30,1940)
insert into student (no,name,roma,sex,phone,email,postno,address1,address2,address3,address4,birthday,graduation) values (100181,秋葉 希望,Akiba Nozomi,女,083-424-2505,wr-rhvccsuvejnozomi27012@ewzuerc.qzcwd.kmc,757-0004,山口県,山陽小野田市,山川,3-15,,1980-05-04,1921)
insert into student (no,name,roma,sex,phone,email,postno,address1,address2,address3,address4,birthday,graduation) values (100182,滝沢 莉緒,Takizawa Rio,女,095-990-6074,rio056@rurb.bw,854-0064,長崎県,諫早市,若葉町,4-10-8,,1996-09-05,2019)
insert into student (no,name,roma,sex,phone,email,postno,address1,address2,address3,address4,birthday,graduation) values (100183,菅沼 五郎,Suganuma Gorou,男,0194-40-8489,usuganuma@mhmmuarntt.tk,028-4307,岩手県,岩手郡岩手町,五日市,2-20-6,,1973-12-15,2007)
insert into student (no,name,roma,sex,phone,email,postno,address1,address2,address3,address4,birthday,graduation) values (100184,望月 奈保美,Mochizuki Nahomi,女,0748-24-1113,nahomi664@vbacodsida.fcv,524-0211,滋賀県,守山市,小浜町,1-14-11,小浜町コーポ215,1962-04-07,1951)
insert into student (no,name,roma,sex,phone,email,postno,address1,address2,address3,address4,birthday,graduation) values (100185,吉原 静枝,Yoshiwara Shizue,女,0893-08-3825,shizue2114@cseanrqnu.lhl,798-4351,愛媛県,南宇和郡愛南町,鯆越,1-16,鯆越キャッスル306,1988-09-10,1915)
insert into student (no,name,roma,sex,phone,email,postno,address1,address2,address3,address4,birthday,graduation) values (100186,内村 時子,Uchimura Tokiko,女,0585-53-1314,tokiko51375@xlwzt.cthvj.me,501-3107,岐阜県,岐阜市,加野,1-3-7,,1966-12-01,1952)
insert into student (no,name,roma,sex,phone,email,postno,address1,address2,address3,address4,birthday,graduation) values (100187,亀井 拓也,Kamei Takuya,男,0955-85-3556,takuya890@ephaewzv.fj,848-0143,佐賀県,伊万里市,黒川町牟田,2-20,,1994-10-12,1961)
insert into student (no,name,roma,sex,phone,email,postno,address1,address2,address3,address4,birthday,graduation) values (100188,北村 花楓,Kitamura Kaede,女,0270-92-8302,kaede8098@akdunu.srf,375-0054,群馬県,藤岡市,上大塚,4-14-18,,1961-01-18,1947)
insert into student (no,name,roma,sex,phone,email,postno,address1,address2,address3,address4,birthday,graduation) values (100189,朝倉 裕仁,Asakura Hirohito,男,093-179-0523,hirohito6075@rfslyvsvqn.ogz,807-0832,福岡県,北九州市八幡西区,東筑,1-12-5,,1978-12-27,1984)
insert into student (no,name,roma,sex,phone,email,postno,address1,address2,address3,address4,birthday,graduation) values (100190,福原 文乃,Fukuhara Ayano,女,03-4137-5838,ayano4889@aqzi.jfl,162-0855,東京都,新宿区,二十騎町,2-6-6,二十騎町プレイス306,1987-05-26,1910)
insert into student (no,name,roma,sex,phone,email,postno,address1,address2,address3,address4,birthday,graduation) values (100191,武藤 敬一,Takefuji Keiichi,男,0954-81-1296,keiichi05507@qhvizwk.ogg,847-1213,佐賀県,唐津市,北波多竹有,4-2-3,,1996-01-21,1907)
insert into student (no,name,roma,sex,phone,email,postno,address1,address2,address3,address4,birthday,graduation) values (100192,矢田 正一,Yada Shouichi,男,04-2365-0385,pxmpxrhgshouichi7422@subasy.tej,264-0005,千葉県,千葉市若葉区,千城台北,1-11,,1967-10-23,1967)
insert into student (no,name,roma,sex,phone,email,postno,address1,address2,address3,address4,birthday,graduation) values (100193,木原 咲希,Kihara Saki,女,0229-85-4947,Saki_Kihara@hwsklvn.nw,989-6301,宮城県,大崎市,三本木桑折,1-11-2,,1970-04-18,1985)
insert into student (no,name,roma,sex,phone,email,postno,address1,address2,address3,address4,birthday,graduation) values (100194,川村 英彦,Kawamura Hidehiko,男,047-755-4928,hidehiko921@kvtuhbfwj.ired.hv,285-0921,千葉県,印旛郡酒々井町,中川,2-1,中川タウン209,1964-05-31,1955)
insert into student (no,name,roma,sex,phone,email,postno,address1,address2,address3,address4,birthday,graduation) values (100195,落合 有紗,Ochiai Arisa,女,04-5283-2565,arisa_ochiai@omies.uio,260-0041,千葉県,千葉市中央区,東千葉,4-13,,1974-06-17,2006)
insert into student (no,name,roma,sex,phone,email,postno,address1,address2,address3,address4,birthday,graduation) values (100196,村松 泰憲,Muramatsu Yasunori,男,0745-87-1716,yasunori989@ieavgrgoym.qrpso.lxt,636-0311,奈良県,磯城郡田原本町,八尾,3-9,,1978-07-16,1905)
insert into student (no,name,roma,sex,phone,email,postno,address1,address2,address3,address4,birthday,graduation) values (100197,富田 保之,Tomida Yasuyuki,男,04-1634-8700,yasuyuki80799@xvqrrf.inn,267-0057,千葉県,千葉市緑区,大木戸町,3-8-3,,1995-02-04,1931)
insert into student (no,name,roma,sex,phone,email,postno,address1,address2,address3,address4,birthday,graduation) values (100198,堀川 若葉,Horikawa Wakaba,女,0763-71-5974,wakaba2501@tzub.gb,939-0414,富山県,射水市,生源寺新,2-3-11,,1991-10-03,1927)
insert into student (no,name,roma,sex,phone,email,postno,address1,address2,address3,address4,birthday,graduation) values (100199,寺崎 悠斗,Terasaki Yuuto,男,026-682-7385,Yuuto_Terasaki@ksferrmwvz.ffy,391-0105,長野県,諏訪郡原村,柏木,2-7-13,,1965-03-18,1964)
